Pattern,Text Length,Time
*?***,10,2.5463104248046874e-05
a?b*c,50,0.006073427200317383
*****,100,0.0001112222671508789
a?b**,200,3.62396240234375e-06
a?***,500,3.147125244140625e-06
