Pattern,Text Length,Time
a?b*c,10,3.24249267578125e-06
*?**c,50,1.873970031738281e-05
*?***,100,5.0234794616699216e-05
*?b*c,200,2.346038818359375e-05
a?***,500,0.00017600059509277345
