Text Length,Naive Build,BBST Build,Trie Build,HashMap Build,Naive Check,BBST Check,Trie Check,HashMap Check
15,0.0,0.034065961837768555,0.23990869522094727,0.0026221275329589844,0.005726814270019531,1.5020370483398438e-05,3.1948089599609375e-05,6.9141387939453125e-06
140,0.0,0.034065961837768555,0.23990869522094727,0.0026221275329589844,0.052672624588012695,3.314018249511719e-05,4.8160552978515625e-05,1.6689300537109375e-05
1200,0.0,0.034065961837768555,0.23990869522094727,0.0026221275329589844,0.4948699474334717,0.00017714500427246094,0.000308990478515625,0.00012302398681640625
